date,symbol,call,put
2024-10-09,NDX,49726,46864
2024-10-09,QQQ,3441598,4405718
2024-10-09,SPX,2820606,3632464
2024-10-09,SPY,6259836,8960310
2024-10-10,NDX,50452,51144
2024-10-10,QQQ,3284984,3871068
2024-10-10,SPX,2462182,3216950
2024-10-10,SPY,6173798,7393234
2024-10-11,NDX,46558,46986
2024-10-11,QQQ,2933712,3310984
2024-10-11,SPX,2622314,3829864
2024-10-11,SPY,6386148,9455132
2024-10-14,NDX,53202,55196
2024-10-14,QQQ,3059444,3401796
2024-10-14,SPX,2473548,3250828
2024-10-14,SPY,4843940,6691272
2024-10-15,NDX,67140,62362
2024-10-15,QQQ,4988454,4674362
2024-10-15,SPX,2909092,4175182
2024-10-15,SPY,6563696,8783906
2024-10-16,NDX,55062,49996
2024-10-16,QQQ,3463808,3562752
2024-10-16,SPX,2408810,3402170
2024-10-16,SPY,5479154,6237420
2024-10-17,NDX,66008,58008
2024-10-17,QQQ,4113704,3711380
2024-10-17,SPX,2773696,3715326
2024-10-17,SPY,6580530,7141764
2024-10-18,NDX,35014,27734
2024-10-18,QQQ,2901802,3757438
2024-10-18,SPX,2377336,3373290
2024-10-18,SPY,5275854,6614306
2024-10-21,NDX,52694,63466
2024-10-21,QQQ,3562408,4280518
2024-10-21,SPX,2296250,3269182
2024-10-21,SPY,5946004,7102944
2024-10-22,NDX,63162,55452
2024-10-22,QQQ,3824208,4652886
2024-10-22,SPX,2352314,3011532
2024-10-22,SPY,5944212,6282970
2024-10-23,NDX,74798,81158
2024-10-23,QQQ,5980378,4836494
2024-10-23,SPX,3414464,4424918
2024-10-23,SPY,9294942,8989324
2024-10-24,NDX,51096,59012
2024-10-24,QQQ,3375492,4082006
2024-10-24,SPX,2462862,3017154
2024-10-24,SPY,6629402,6096030
2024-10-25,NDX,72710,68142
2024-10-25,QQQ,4525838,5776172
2024-10-25,SPX,3014906,4168304
2024-10-25,SPY,7487606,8724946
2024-10-28,NDX,42802,50288
2024-10-28,QQQ,3342510,3856132
2024-10-28,SPX,1993708,2904410
2024-10-28,SPY,4833234,7501928
2024-10-29,NDX,83188,60498
2024-10-29,QQQ,3277940,4034940
2024-10-29,SPX,2574798,3127086
2024-10-29,SPY,5582040,6378028
2024-10-30,NDX,55262,54136
2024-10-30,QQQ,3009940,4462016
2024-10-30,SPX,2507696,3319574
2024-10-30,SPY,6144166,6973780
2024-10-31,NDX,60290,73016
2024-10-31,QQQ,4897980,4464820
2024-10-31,SPX,3224052,4469658
2024-10-31,SPY,8966550,9172626
2024-11-01,NDX,53592,55790
2024-11-01,QQQ,3790432,4637354
2024-11-01,SPX,2498174,3959636
2024-11-01,SPY,7045452,9352548
2024-11-04,NDX,46620,58964
2024-11-04,QQQ,3549686,4676216
2024-11-04,SPX,2300940,3615048
2024-11-04,SPY,6536326,8411824
2024-11-05,NDX,55454,44476
2024-11-05,QQQ,3279782,4900608
2024-11-05,SPX,2546104,3100942
2024-11-05,SPY,6781678,9791094
2024-11-06,NDX,71946,67210
2024-11-06,QQQ,4155028,5647648
2024-11-06,SPX,3156466,4347472
2024-11-06,SPY,7100262,9224626
2024-11-07,NDX,54408,46184
2024-11-07,QQQ,3764024,5003368
2024-11-07,SPX,2591608,3356474
2024-11-07,SPY,7111826,7207016
2024-11-08,NDX,41760,42608
2024-11-08,QQQ,2778420,3494712
2024-11-08,SPX,2611478,3595206
2024-11-08,SPY,6579118,8338284
2024-11-11,NDX,48838,56000
2024-11-11,QQQ,3066938,3671060
2024-11-11,SPX,2562128,3354898
2024-11-11,SPY,5357872,6222438
2024-11-12,NDX,55062,55442
2024-11-12,QQQ,3635930,4659302
2024-11-12,SPX,2836278,3461622
2024-11-12,SPY,7139870,7906144
2024-11-13,NDX,64070,62692
2024-11-13,QQQ,3540172,4317102
2024-11-13,SPX,2899544,3621814
2024-11-13,SPY,6881376,8356522
2024-11-14,NDX,60582,53514
2024-11-14,QQQ,4131526,4764014
2024-11-14,SPX,2977024,3827174
2024-11-14,SPY,7436292,8919328
2024-11-15,NDX,42316,35226
2024-11-15,QQQ,6542252,5615794
2024-11-15,SPX,3587844,4788794
2024-11-15,SPY,10687138,11095902
2024-11-18,NDX,53574,48736
2024-11-18,QQQ,3665942,4308344
2024-11-18,SPX,2693772,3375084
2024-11-18,SPY,6792984,6394334
2024-11-19,NDX,63114,48902
2024-11-19,QQQ,3791826,4285656
2024-11-19,SPX,2941532,3938438
2024-11-19,SPY,7321714,8579286
2024-11-20,NDX,64232,58152
2024-11-20,QQQ,3799386,4034274
2024-11-20,SPX,2942450,3421122
2024-11-20,SPY,7064980,6911932
2024-11-21,NDX,63312,63144
2024-11-21,QQQ,5104398,4985380
2024-11-21,SPX,3067818,3719712
2024-11-21,SPY,8056288,8846592
2024-11-22,NDX,51998,50022
2024-11-22,QQQ,3819058,4273112
2024-11-22,SPX,2487930,3406076
2024-11-22,SPY,7651692,7875132
2024-11-25,NDX,57798,56226
2024-11-25,QQQ,4679384,3742488
2024-11-25,SPX,2757668,3502822
2024-11-25,SPY,9206448,8443720
2024-11-26,NDX,46580,49378
2024-11-26,QQQ,3942868,4895882
2024-11-26,SPX,2490524,3181262
2024-11-26,SPY,6787990,8691452
2024-11-27,NDX,66986,67472
2024-11-27,QQQ,5173202,4274596
2024-11-27,SPX,2405284,3046996
2024-11-27,SPY,6136108,7340470
2024-11-29,NDX,44726,36038
2024-11-29,QQQ,2154364,2870784
2024-11-29,SPX,1811044,2293644
2024-11-29,SPY,4336800,5200092
2024-12-02,NDX,66112,81130
2024-12-02,QQQ,3828242,4388198
2024-12-02,SPX,2140580,3156778
2024-12-02,SPY,5961430,7276206
2024-12-03,NDX,62096,56764
2024-12-03,QQQ,3453894,3879506
2024-12-03,SPX,2200084,2911102
2024-12-03,SPY,5021878,6480744
2024-12-04,NDX,63902,68208
2024-12-04,QQQ,3646752,4557874
2024-12-04,SPX,2422522,3354924
2024-12-04,SPY,5255982,7222404
2024-12-05,NDX,57316,55646
2024-12-05,QQQ,3091930,3681364
2024-12-05,SPX,2557904,3064386
2024-12-05,SPY,5575780,6550382
2024-12-06,NDX,63290,61802
2024-12-06,QQQ,2889494,4115722
2024-12-06,SPX,2267206,3567014
2024-12-06,SPY,5576094,6396832
2024-12-09,NDX,64668,75448
2024-12-09,QQQ,3884004,4230698
2024-12-09,SPX,2524642,3454552
2024-12-09,SPY,6183264,7599372
2024-12-10,NDX,71642,79050
2024-12-10,QQQ,3945508,4381248
2024-12-10,SPX,2200850,3326402
2024-12-10,SPY,5867138,6655924
2024-12-11,NDX,78550,73596
2024-12-11,QQQ,3695694,5580316
2024-12-11,SPX,2431356,2990300
2024-12-11,SPY,5459236,6417056
2024-12-12,NDX,64276,53296
2024-12-12,QQQ,3024414,4083874
2024-12-12,SPX,2374738,3101916
2024-12-12,SPY,6027966,7561008
2024-12-13,NDX,81346,76494
2024-12-13,QQQ,4732542,5350396
2024-12-13,SPX,2658854,3659134
2024-12-13,SPY,6895754,7410754
2024-12-16,NDX,83736,82830
2024-12-16,QQQ,3863992,4784918
2024-12-16,SPX,2614046,3544962
2024-12-16,SPY,5325950,6178504
2024-12-17,NDX,77770,66274
2024-12-17,QQQ,3378074,4448490
2024-12-17,SPX,2791062,3567042
2024-12-17,SPY,5856722,6634618
2024-12-18,NDX,60122,84902
2024-12-18,QQQ,4458616,5243366
2024-12-18,SPX,3489184,4952040
2024-12-18,SPY,10025724,10944982
2024-12-19,NDX,68820,55260
2024-12-19,QQQ,4174422,4848988
2024-12-19,SPX,3085082,5090608
2024-12-19,SPY,9408302,9836822
2024-12-20,NDX,41706,28318
2024-12-20,QQQ,5297570,5999664
2024-12-20,SPX,3800946,4995716
2024-12-20,SPY,9930966,10805324
2024-12-23,NDX,56374,48362
2024-12-23,QQQ,3840200,3693996
2024-12-23,SPX,2845440,3370202
2024-12-23,SPY,7683416,8719322
2024-12-24,NDX,50482,38552
2024-12-24,QQQ,2984288,2371732
2024-12-24,SPX,2171792,2295014
2024-12-24,SPY,6678664,6152960
2024-12-26,NDX,48784,41440
2024-12-26,QQQ,3579334,3657504
2024-12-26,SPX,2542246,2848650
2024-12-26,SPY,7713534,6387934
2024-12-27,NDX,63946,65538
2024-12-27,QQQ,5227930,4297086
2024-12-27,SPX,3576296,4499290
2024-12-27,SPY,10026620,9697978
2024-12-30,NDX,66582,62278
2024-12-30,QQQ,4049362,3874982
2024-12-30,SPX,3174266,3796028
2024-12-30,SPY,9559672,9458772
2024-12-31,NDX,54510,56856
2024-12-31,QQQ,4317330,3746796
2024-12-31,SPX,3246896,3825968
2024-12-31,SPY,9008076,8488500
2025-01-02,NDX,69454,65698
2025-01-02,QQQ,4902746,4378386
2025-01-02,SPX,3065032,3940324
2025-01-02,SPY,9787348,9281174
2025-01-03,NDX,69340,52840
2025-01-03,QQQ,3564988,3893164
2025-01-03,SPX,2748610,3392690
2025-01-03,SPY,7312702,8964828
2025-01-06,NDX,67376,75502
2025-01-06,QQQ,4335406,4510390
2025-01-06,SPX,3308950,3998708
2025-01-06,SPY,9081692,11339766
2025-01-07,NDX,69928,82784
2025-01-07,QQQ,5340270,5354574
2025-01-07,SPX,3543986,4817740
2025-01-07,SPY,9985820,11041548
2025-01-08,NDX,57680,55774
2025-01-08,QQQ,4059876,4507766
2025-01-08,SPX,2547874,3459638
2025-01-08,SPY,8268726,10229604
2025-01-09,SPX,20720,40468
2025-01-10,NDX,66764,74788
2025-01-10,QQQ,4619858,5322852
2025-01-10,SPX,3350644,4862774
2025-01-10,SPY,10522342,12791668
2025-01-13,NDX,62472,74178
2025-01-13,QQQ,4266342,4879252
2025-01-13,SPX,2758106,3651178
2025-01-13,SPY,8946698,10788508
2025-01-14,NDX,68108,60766
2025-01-14,QQQ,5850324,4497880
2025-01-14,SPX,3108552,3584906
2025-01-14,SPY,9634652,9016972
2025-01-15,NDX,67096,60592
2025-01-15,QQQ,4256512,4550984
2025-01-15,SPX,3355032,4068840
2025-01-15,SPY,9140934,10798732
2025-01-16,NDX,72060,64414
2025-01-16,QQQ,4101806,3760724
2025-01-16,SPX,2836820,3516368
2025-01-16,SPY,8169542,9764332
2025-01-17,NDX,39512,22914
2025-01-17,QQQ,3880408,4444760
2025-01-17,SPX,3332282,4249636
2025-01-17,SPY,8710088,10213888
2025-01-21,NDX,59258,57528
2025-01-21,QQQ,3848420,4192978
2025-01-21,SPX,2918048,3725238
2025-01-21,SPY,6946746,9842454
2025-01-22,NDX,71950,63870
2025-01-22,QQQ,3965138,4651298
2025-01-22,SPX,3014874,4244770
2025-01-22,SPY,6651902,8389262
2025-01-23,NDX,65820,53060
2025-01-23,QQQ,3692282,3622944
2025-01-23,SPX,2957758,3399576
2025-01-23,SPY,6337748,8114606
2025-01-24,NDX,67532,68490
2025-01-24,QQQ,3975856,3998384
2025-01-24,SPX,3005146,3664734
2025-01-24,SPY,7319590,8130400
2025-01-27,NDX,73090,83932
2025-01-27,QQQ,5534318,6053162
2025-01-27,SPX,3042632,4149226
2025-01-27,SPY,7799610,9298716
2025-01-28,NDX,81954,67484
2025-01-28,QQQ,4370648,4510574
2025-01-28,SPX,2919250,3225918
2025-01-28,SPY,7318162,7580100
2025-01-29,NDX,56612,53938
2025-01-29,QQQ,3434986,3276834
2025-01-29,SPX,2424128,2653994
2025-01-29,SPY,6831746,6724804
2025-01-30,NDX,68750,63818
2025-01-30,QQQ,4099140,3828858
2025-01-30,SPX,3164106,3805988
2025-01-30,SPY,7260388,7327510
2025-01-31,NDX,81258,92836
2025-01-31,QQQ,4515854,5743202
2025-01-31,SPX,3662984,4687516
2025-01-31,SPY,8770330,11256104
2025-02-03,NDX,62770,65662
2025-02-03,QQQ,4264930,5272758
2025-02-03,SPX,3284744,4111732
2025-02-03,SPY,9079842,11918394
2025-02-04,NDX,63702,52914
2025-02-04,QQQ,3327900,3949232
2025-02-04,SPX,2715566,3469184
2025-02-04,SPY,6774384,7336080
2025-02-05,NDX,66962,61048
2025-02-05,QQQ,3506902,3704930
2025-02-05,SPX,2854860,3310062
2025-02-05,SPY,6922774,7215528
2025-02-06,NDX,66400,55448
2025-02-06,QQQ,3231964,3196140
2025-02-06,SPX,2761146,3152422
2025-02-06,SPY,6496050,6832756
2025-02-07,NDX,70668,66462
2025-02-07,QQQ,4698888,4408586
2025-02-07,SPX,3518396,4394372
2025-02-07,SPY,9479500,9657992
2025-02-10,NDX,58342,50860
2025-02-10,QQQ,2672666,3734332
2025-02-10,SPX,2134302,2850514
2025-02-10,SPY,5858240,8520566
2025-02-11,NDX,55542,57336
2025-02-11,QQQ,2988186,3706920
2025-02-11,SPX,2258298,3042164
2025-02-11,SPY,5223878,7020538
2025-02-12,NDX,66852,68736
2025-02-12,QQQ,3357986,4357890
2025-02-12,SPX,3011906,3799318
2025-02-12,SPY,7731778,8825030
2025-02-13,NDX,81084,62626
2025-02-13,QQQ,3702246,4449096
2025-02-13,SPX,3222536,4004274
2025-02-13,SPY,7608636,9421656
2025-02-14,NDX,67786,52252
2025-02-14,QQQ,3245420,3410184
2025-02-14,SPX,2583920,3803378
2025-02-14,SPY,7057638,7560744
2025-02-18,NDX,66766,69522
2025-02-18,QQQ,3470896,3406206
2025-02-18,SPX,2514278,3386168
2025-02-18,SPY,7126502,6802240
2025-02-19,NDX,87018,78080
2025-02-19,QQQ,3156184,3473670
2025-02-19,SPX,2755366,4036136
2025-02-19,SPY,6262976,7084460
2025-02-20,NDX,85988,73498
2025-02-20,QQQ,4052208,3954750
2025-02-20,SPX,3346366,3967412
2025-02-20,SPY,8885058,8107744
2025-02-21,NDX,53364,42740
2025-02-21,QQQ,5621186,5407014
2025-02-21,SPX,3945974,5551366
2025-02-21,SPY,11038124,12842052
2025-02-24,NDX,74118,87022
2025-02-24,QQQ,4884946,5339986
2025-02-24,SPX,2971672,4361960
2025-02-24,SPY,8344948,11350582
2025-02-25,NDX,79344,75528
2025-02-25,QQQ,5599640,5751482
2025-02-25,SPX,3428200,4396314
2025-02-25,SPY,9371606,10963504
2025-02-26,NDX,74420,81600
2025-02-26,QQQ,4534258,4299284
2025-02-26,SPX,3212670,3911658
2025-02-26,SPY,8645158,9469794
2025-02-27,NDX,70474,90648
2025-02-27,QQQ,6167164,6439924
2025-02-27,SPX,3677454,4480674
2025-02-27,SPY,9601002,13051840
2025-02-28,NDX,77786,83528
2025-02-28,QQQ,5606464,6352686
2025-02-28,SPX,3629404,4865278
2025-02-28,SPY,10304048,13240826
2025-03-03,NDX,68894,79088
2025-03-03,QQQ,5672936,6122370
2025-03-03,SPX,3448692,4539108
2025-03-03,SPY,10487694,13756424
2025-03-04,NDX,77458,69904
2025-03-04,QQQ,6349360,6576398
2025-03-04,SPX,3779276,4798778
2025-03-04,SPY,12499846,16052726
2025-03-05,NDX,71536,68084
2025-03-05,QQQ,5435720,4973798
2025-03-05,SPX,3289696,4037274
2025-03-05,SPY,10532350,11975114
2025-03-06,NDX,70314,63930
2025-03-06,QQQ,6232450,5360372
2025-03-06,SPX,3882224,4296528
2025-03-06,SPY,12487856,13303318
2025-03-07,NDX,69520,63532
2025-03-07,QQQ,6069330,5614962
2025-03-07,SPX,3664944,4651668
2025-03-07,SPY,11855604,13625894
2025-03-10,NDX,86972,96052
2025-03-10,QQQ,7478276,5899316
2025-03-10,SPX,4059208,5576446
2025-03-10,SPY,13782758,12930274
2025-03-11,NDX,79106,67608
2025-03-11,QQQ,6244906,5096488
2025-03-11,SPX,4075222,4800042
2025-03-11,SPY,11711864,14030110
2025-03-12,NDX,64142,52222
2025-03-12,QQQ,5516214,5592578
2025-03-12,SPX,3420826,4343982
2025-03-12,SPY,11029270,12711036
2025-03-13,NDX,62934,52906
2025-03-13,QQQ,5796904,5475238
2025-03-13,SPX,3455020,4311766
2025-03-13,SPY,10815898,12443816
2025-03-14,NDX,60734,55746
2025-03-14,QQQ,4063740,5038852
2025-03-14,SPX,3236136,4598066
2025-03-14,SPY,8544820,13565106
2025-03-17,NDX,73688,61056
2025-03-17,QQQ,4639940,4873804
2025-03-17,SPX,3193292,3742468
2025-03-17,SPY,9240354,11781926
2025-03-18,NDX,63044,52838
2025-03-18,QQQ,4964350,3792718
2025-03-18,SPX,3130826,3657116
2025-03-18,SPY,9072980,8828274
2025-03-19,NDX,62800,53692
2025-03-19,QQQ,4268988,4734716
2025-03-19,SPX,3167718,4215772
2025-03-19,SPY,8832482,10210066
2025-03-20,NDX,64656,56458
2025-03-20,QQQ,4858210,5187250
2025-03-20,SPX,3345776,4039326
2025-03-20,SPY,9606774,10565252
2025-03-21,NDX,36200,25794
2025-03-21,QQQ,4390330,4160506
2025-03-21,SPX,3411160,4028390
2025-03-21,SPY,9488618,9781858
2025-03-24,NDX,62182,53966
2025-03-24,QQQ,3568840,4144620
2025-03-24,SPX,3218300,3754438
2025-03-24,SPY,8591998,10453714
2025-03-25,NDX,62578,57144
2025-03-25,QQQ,3573866,3822052
2025-03-25,SPX,2940224,3265176
2025-03-25,SPY,7835926,8794906
2025-03-26,NDX,78314,83842
2025-03-26,QQQ,5649970,4869300
2025-03-26,SPX,3523690,4660426
2025-03-26,SPY,9549782,9936310
2025-03-27,NDX,66172,60806
2025-03-27,QQQ,4038716,4778858
2025-03-27,SPX,3036826,3839568
2025-03-27,SPY,8505050,10260166
2025-03-28,NDX,83232,79366
2025-03-28,QQQ,5231554,5058564
2025-03-28,SPX,4031148,5134406
2025-03-28,SPY,10043158,11048206
2025-03-31,NDX,70402,83948
2025-03-31,QQQ,4811798,5886502
2025-03-31,SPX,4185422,5426748
2025-03-31,SPY,10159832,13834532
2025-04-01,NDX,76088,58494
2025-04-01,QQQ,4306438,4471900
2025-04-01,SPX,3448680,4224170
2025-04-01,SPY,9256170,10915596
2025-04-02,NDX,76876,62236
2025-04-02,QQQ,3848406,4395028
2025-04-02,SPX,3490780,4071600
2025-04-02,SPY,8132326,10385520
2025-04-03,NDX,63700,66324
2025-04-03,QQQ,4972680,6092232
2025-04-03,SPX,3381662,5175454
2025-04-03,SPY,10714802,16434910
2025-04-04,NDX,65616,71772
2025-04-04,QQQ,6093088,7011556
2025-04-04,SPX,4341324,7736252
2025-04-04,SPY,11868028,19275880
2025-04-07,NDX,56408,52836
2025-04-07,QQQ,5005922,5295418
2025-04-07,SPX,3119518,6204412
2025-04-07,SPY,8693798,12640790
2025-04-08,NDX,55628,58416
2025-04-08,QQQ,5362042,6508364
2025-04-08,SPX,3269702,5780364
2025-04-08,SPY,10518502,16257742
2025-04-09,NDX,57242,47514
2025-04-09,QQQ,5966704,6469528
2025-04-09,SPX,3918652,5838448
2025-04-09,SPY,12814468,15170336
2025-04-10,NDX,46660,45280
2025-04-10,QQQ,6328966,7111196
2025-04-10,SPX,3197838,4626366
2025-04-10,SPY,12232512,16911388
2025-04-11,NDX,34938,34072
2025-04-11,QQQ,4338718,4440954
2025-04-11,SPX,2748670,3479654
2025-04-11,SPY,9738882,11536920
2025-04-14,NDX,46552,42222
2025-04-14,QQQ,4407804,5230174
2025-04-14,SPX,2673978,3393458
2025-04-14,SPY,8882322,11403262
2025-04-15,NDX,40832,34554
2025-04-15,QQQ,3381560,3966660
2025-04-15,SPX,2619408,3532210
2025-04-15,SPY,8136450,10961944
2025-04-16,NDX,64148,51544
2025-04-16,QQQ,4709446,5686192
2025-04-16,SPX,2917514,4262528
2025-04-16,SPY,9624336,13063538
2025-04-17,NDX,28642,18832
2025-04-17,QQQ,3754570,3994714
2025-04-17,SPX,2686488,3631524
2025-04-17,SPY,9200458,12231828
2025-04-21,NDX,37212,53526
2025-04-21,QQQ,4068960,4657192
2025-04-21,SPX,2772964,3720970
2025-04-21,SPY,9614486,11349266
2025-04-22,NDX,53090,38324
2025-04-22,QQQ,4373816,5029762
2025-04-22,SPX,3219438,3853868
2025-04-22,SPY,10232684,11601784
2025-04-23,NDX,54462,50058
2025-04-23,QQQ,4820368,5320608
2025-04-23,SPX,3460636,4146180
2025-04-23,SPY,11034402,14135344
2025-04-24,NDX,51918,46464
2025-04-24,QQQ,3753724,5395164
2025-04-24,SPX,3212348,4264262
2025-04-24,SPY,8909766,11267696
2025-04-25,NDX,60760,56298
2025-04-25,QQQ,4063324,4448364
2025-04-25,SPX,3073864,4171294
2025-04-25,SPY,9730732,10922166
2025-04-28,NDX,62274,63050
2025-04-28,QQQ,3961168,4905132
2025-04-28,SPX,3017636,3502810
2025-04-28,SPY,8883014,10039344
2025-04-29,NDX,55742,45124
2025-04-29,QQQ,3664568,4495250
2025-04-29,SPX,3097380,3712668
2025-04-29,SPY,8985166,10102532
2025-04-30,NDX,56842,51058
2025-04-30,QQQ,4253248,5126400
2025-04-30,SPX,3424302,3595620
2025-04-30,SPY,9482860,12165226
2025-05-01,NDX,63598,56532
2025-05-01,QQQ,4675188,4995376
2025-05-01,SPX,3032562,3647340
2025-05-01,SPY,8916160,10048148
2025-05-02,NDX,54944,50972
2025-05-02,QQQ,4124690,4748132
2025-05-02,SPX,3230148,4123830
2025-05-02,SPY,8753416,11422642
2025-05-05,NDX,51522,49794
2025-05-05,QQQ,3119540,4057108
2025-05-05,SPX,2624808,3378672
2025-05-05,SPY,7467012,8705594
2025-05-06,NDX,50972,68556
2025-05-06,QQQ,3567044,4326022
2025-05-06,SPX,2994798,3667270
2025-05-06,SPY,8410398,9720178
2025-05-07,NDX,46382,58436
2025-05-07,QQQ,3959286,4241724
2025-05-07,SPX,2414258,3092498
2025-05-07,SPY,8160218,9137400
2025-05-08,NDX,74608,45490
2025-05-08,QQQ,4215340,4878418
2025-05-08,SPX,3339364,3812418
2025-05-08,SPY,10404612,10740722
2025-05-09,NDX,54270,60534
2025-05-09,QQQ,3650564,3667106
2025-05-09,SPX,2833726,3509740
2025-05-09,SPY,9046732,8309770
2025-05-12,NDX,74754,53434
2025-05-12,QQQ,4323646,5223480
2025-05-12,SPX,3452610,4468182
2025-05-12,SPY,10225954,11538504
2025-05-13,NDX,101594,71196
2025-05-13,QQQ,4365208,5701738
2025-05-13,SPX,3698132,4192670
2025-05-13,SPY,9928590,11182364
2025-05-14,NDX,62294,70110
2025-05-14,QQQ,3789442,4619528
2025-05-14,SPX,3293006,3557190
2025-05-14,SPY,8555608,8723564
2025-05-15,NDX,95442,156798
2025-05-15,QQQ,3690482,4723388
2025-05-15,SPX,3595570,3840480
2025-05-15,SPY,9273586,11047968
2025-05-16,NDX,52204,55076
2025-05-16,QQQ,3086012,3740278
2025-05-16,SPX,3341082,3734876
2025-05-16,SPY,8730194,8955632
2025-05-19,NDX,59452,55752
2025-05-19,QQQ,3494430,4246764
2025-05-19,SPX,3440634,4161694
2025-05-19,SPY,8944210,9393092
2025-05-20,NDX,53318,97400
2025-05-20,QQQ,3564624,3751058
2025-05-20,SPX,3035642,3533674
2025-05-20,SPY,8921898,8108874
2025-05-21,NDX,98366,87558
2025-05-21,QQQ,4993902,6045468
2025-05-21,SPX,3828586,4765384
2025-05-21,SPY,10959024,11897108
2025-05-22,NDX,64666,97430
2025-05-22,QQQ,3963210,4089966
2025-05-22,SPX,2958804,3483958
2025-05-22,SPY,8631176,9386062
2025-05-23,NDX,52854,57586
2025-05-23,QQQ,3325628,4584042
2025-05-23,SPX,2827620,3898058
2025-05-23,SPY,7626620,10015408
2025-05-27,NDX,80916,56192
2025-05-27,QQQ,3156178,3913192
2025-05-27,SPX,2798790,3943234
2025-05-27,SPY,7094914,8537664
2025-05-28,NDX,60094,65524
2025-05-28,QQQ,2909372,2864798
2025-05-28,SPX,2818584,3207842
2025-05-28,SPY,7183348,6798762
2025-05-29,NDX,63158,73642
2025-05-29,QQQ,4279942,4200398
2025-05-29,SPX,2928052,3371246
2025-05-29,SPY,8589118,7851354
2025-05-30,NDX,66800,77764
2025-05-30,QQQ,4076758,5158416
2025-05-30,SPX,3437054,4078426
2025-05-30,SPY,8662160,9664886
2025-06-02,NDX,56060,62704
2025-06-02,QQQ,3111698,3864830
2025-06-02,SPX,2948180,3320852
2025-06-02,SPY,7412982,8142230
2025-06-03,NDX,73716,62454
2025-06-03,QQQ,3370768,3935876
2025-06-03,SPX,3160702,3739114
2025-06-03,SPY,7975328,9197474
2025-06-04,NDX,56338,62066
2025-06-04,QQQ,3082824,3630396
2025-06-04,SPX,2658750,3147908
2025-06-04,SPY,7357454,7631812
2025-06-05,NDX,83918,115340
2025-06-05,QQQ,4020276,5040220
2025-06-05,SPX,3317218,4058772
2025-06-05,SPY,8812656,9778578
2025-06-06,NDX,66704,61354
2025-06-06,QQQ,3258016,4114476
2025-06-06,SPX,3034996,4126830
2025-06-06,SPY,8400816,11196044
2025-06-09,NDX,53848,53538
2025-06-09,QQQ,2856454,2927552
2025-06-09,SPX,2508692,2932626
2025-06-09,SPY,6652496,6611246
2025-06-10,NDX,70636,65946
2025-06-10,QQQ,3383286,3643340
2025-06-10,SPX,3020100,3906456
2025-06-10,SPY,7362746,7317960
2025-06-11,NDX,67420,82984
2025-06-11,QQQ,4173540,4318048
2025-06-11,SPX,3605456,4520884
2025-06-11,SPY,10371418,8991408
2025-06-12,NDX,64952,66112
2025-06-12,QQQ,2892082,3542776
2025-06-12,SPX,2814076,3900094
2025-06-12,SPY,6317174,8294700
2025-06-13,NDX,62498,71866
2025-06-13,QQQ,3827102,4562010
2025-06-13,SPX,3477064,4849304
2025-06-13,SPY,9084484,11870834
2025-06-16,NDX,76780,61240
2025-06-16,QQQ,2888042,4011388
2025-06-16,SPX,3240476,4260564
2025-06-16,SPY,7082700,10237588
2025-06-17,NDX,67306,78368
2025-06-17,QQQ,3668176,3942046
2025-06-17,SPX,3337900,4922180
2025-06-17,SPY,8011286,9545004
2025-06-18,NDX,78982,56278
2025-06-18,QQQ,3351800,3574876
2025-06-18,SPX,2941140,4216100
2025-06-18,SPY,12112696,9552540
2025-06-20,NDX,69788,67356
2025-06-20,QQQ,4389966,4290224
2025-06-20,SPX,3431618,4708918
2025-06-20,SPY,9570512,9715746
2025-06-23,NDX,93048,72594
2025-06-23,QQQ,3529858,5287268
2025-06-23,SPX,3764114,4903394
2025-06-23,SPY,8836266,12137844
2025-06-24,NDX,83190,68628
2025-06-24,QQQ,3328748,4880774
2025-06-24,SPX,3314092,4088762
2025-06-24,SPY,8144274,10683032
2025-06-25,NDX,78326,81742
2025-06-25,QQQ,3589358,4098794
2025-06-25,SPX,3003280,3405118
2025-06-25,SPY,7741868,8413886
2025-06-26,NDX,85448,73150
2025-06-26,QQQ,2955226,4256414
2025-06-26,SPX,3445316,3743714
2025-06-26,SPY,7428268,9609538
2025-06-27,NDX,84334,89568
2025-06-27,QQQ,4002930,4857430
2025-06-27,SPX,4266494,4800304
2025-06-27,SPY,9564392,10416722
2025-06-30,NDX,99344,64880
2025-06-30,QQQ,3385956,3399028
2025-06-30,SPX,4117562,4283772
2025-06-30,SPY,8180936,9120470
2025-07-01,NDX,78730,106126
2025-07-01,QQQ,4216020,4286886
2025-07-01,SPX,3287230,4119638
2025-07-01,SPY,7742024,7828910
2025-07-02,NDX,76534,62788
2025-07-02,QQQ,2975188,3548974
2025-07-02,SPX,2657650,3350550
2025-07-02,SPY,6312282,7709802
2025-07-03,NDX,58522,58378
2025-07-03,QQQ,2537976,2826738
2025-07-03,SPX,2562736,3006296
2025-07-03,SPY,5558700,6719902
2025-07-07,NDX,71328,82632
2025-07-07,QQQ,3526876,3743346
2025-07-07,SPX,3562292,4411116
2025-07-07,SPY,8354430,9142606
2025-07-08,NDX,62394,68800
2025-07-08,QQQ,3019714,3273824
2025-07-08,SPX,3106930,3874506
2025-07-08,SPY,6986274,7932366
2025-07-09,NDX,69162,77992
2025-07-09,QQQ,4048750,3527076
2025-07-09,SPX,3251790,3650488
2025-07-09,SPY,8106008,8648542
2025-07-10,NDX,79318,84378
2025-07-10,QQQ,3733684,3255006
2025-07-10,SPX,3028808,3345076
2025-07-10,SPY,6461662,8166028
2025-07-11,NDX,67566,80664
2025-07-11,QQQ,3090214,3693106
2025-07-11,SPX,3047960,3853844
2025-07-11,SPY,6706104,7660342
2025-07-14,NDX,81680,75104
2025-07-14,QQQ,2954614,4106836
2025-07-14,SPX,2693660,3479280
2025-07-14,SPY,6067782,7290640
2025-07-15,NDX,89054,86882
2025-07-15,QQQ,3796966,3923100
2025-07-15,SPX,3669578,4364978
2025-07-15,SPY,9452792,8830998
2025-07-16,NDX,93056,111554
2025-07-16,QQQ,4414878,4862960
2025-07-16,SPX,3623274,4583348
2025-07-16,SPY,8792420,10650634
2025-07-17,NDX,128920,75398
2025-07-17,QQQ,3005330,4258046
2025-07-17,SPX,3313212,3849788
2025-07-17,SPY,6891004,8485586
2025-07-18,NDX,63468,56004
2025-07-18,QQQ,3838624,3969652
2025-07-18,SPX,3264752,3849974
2025-07-18,SPY,6986860,8148564
2025-07-21,NDX,105242,81326
2025-07-21,QQQ,3097428,4610292
2025-07-21,SPX,3322428,4145290
2025-07-21,SPY,6277504,9144912
2025-07-22,NDX,79758,94602
2025-07-22,QQQ,4217888,3971278
2025-07-22,SPX,3136990,3866568
2025-07-22,SPY,6779400,7891518
2025-07-23,NDX,107464,85284
2025-07-23,QQQ,3460416,3565874
2025-07-23,SPX,3505744,3818862
2025-07-23,SPY,6645752,8547640
2025-07-24,NDX,94598,82410
2025-07-24,QQQ,3098908,3516162
2025-07-24,SPX,3201142,4062142
2025-07-24,SPY,6903382,8764738
2025-07-25,NDX,81560,71378
2025-07-25,QQQ,2876888,3605192
2025-07-25,SPX,3016176,3777536
2025-07-25,SPY,5672610,7979382
2025-07-28,NDX,74448,84918
2025-07-28,QQQ,3509332,3052992
2025-07-28,SPX,3168966,3761926
2025-07-28,SPY,7529004,6759444
2025-07-29,NDX,108976,124530
2025-07-29,QQQ,4337806,4954890
2025-07-29,SPX,3524982,4564448
2025-07-29,SPY,7188066,7670572
2025-07-30,NDX,86778,82850
2025-07-30,QQQ,3327848,3448656
2025-07-30,SPX,3127492,3923748
2025-07-30,SPY,6686644,8543714
2025-07-31,NDX,123690,155356
2025-07-31,QQQ,4879204,5517648
2025-07-31,SPX,4294410,5380622
2025-07-31,SPY,7674072,11118784
2025-08-01,NDX,84666,122174
2025-08-01,QQQ,5009472,6314532
2025-08-01,SPX,4026744,5470282
2025-08-01,SPY,9505006,11951248
2025-08-04,NDX,97956,79692
2025-08-04,QQQ,3306702,4444770
2025-08-04,SPX,3211780,3950470
2025-08-04,SPY,6477700,9183372
2025-08-05,NDX,85742,96010
2025-08-05,QQQ,4405690,4607268
2025-08-05,SPX,3342628,4318930
2025-08-05,SPY,8071166,9877826
2025-08-06,NDX,110214,102458
2025-08-06,QQQ,3802044,4622476
2025-08-06,SPX,3445806,4007576
2025-08-06,SPY,6514440,8790906
2025-08-07,NDX,108084,96138
2025-08-07,QQQ,4532134,4697428
2025-08-07,SPX,3930630,4303930
2025-08-07,SPY,9683332,8687532
2025-08-08,NDX,90136,90316
2025-08-08,QQQ,3335992,4434256
2025-08-08,SPX,3453042,4049922
2025-08-08,SPY,6813018,9179592
2025-08-11,NDX,90916,83430
2025-08-11,QQQ,3432154,3725848
2025-08-11,SPX,3363908,3909270
2025-08-11,SPY,7250570,7802802
2025-08-12,NDX,101308,85660
2025-08-12,QQQ,3593890,4614200
2025-08-12,SPX,3528576,4390522
2025-08-12,SPY,7397706,9734720
2025-08-13,NDX,93370,78022
2025-08-13,QQQ,3830474,4435800
2025-08-13,SPX,3854332,4070722
2025-08-13,SPY,8176352,8212678
2025-08-14,NDX,98012,79146
2025-08-14,QQQ,3507366,4642702
2025-08-14,SPX,3414250,4285024
2025-08-14,SPY,6707342,8940400
2025-08-15,NDX,62730,64062
2025-08-15,QQQ,3836256,4443338
2025-08-15,SPX,3253498,3966342
2025-08-15,SPY,7283624,7908434
2025-08-18,NDX,68464,70042
2025-08-18,QQQ,3387058,3482482
2025-08-18,SPX,2752780,3163456
2025-08-18,SPY,6081162,5938528
2025-08-19,NDX,105016,143908
2025-08-19,QQQ,5278346,5269136
2025-08-19,SPX,3503728,4573234
2025-08-19,SPY,8289976,8564694
2025-08-20,NDX,123248,137230
2025-08-20,QQQ,6019994,6886036
2025-08-20,SPX,4194118,5093892
2025-08-20,SPY,8893940,11396588
2025-08-21,NDX,75418,85870
2025-08-21,QQQ,4117218,4786426
2025-08-21,SPX,3395760,3861030
2025-08-21,SPY,7621952,8642014
2025-08-22,NDX,92000,88730
2025-08-22,QQQ,4217106,4756876
2025-08-22,SPX,3951490,4659168
2025-08-22,SPY,8065042,11970832
2025-08-25,NDX,65436,94986
2025-08-25,QQQ,3275160,3762142
2025-08-25,SPX,2786330,3350734
2025-08-25,SPY,6377520,7269386
2025-08-26,NDX,77480,86344
2025-08-26,QQQ,3382372,3834580
2025-08-26,SPX,3473526,4471108
2025-08-26,SPY,6313402,6722220
2025-08-27,NDX,89006,83268
2025-08-27,QQQ,2546210,3248590
2025-08-27,SPX,3261884,3672566
2025-08-27,SPY,4725772,5324042
2025-08-28,NDX,97502,90520
2025-08-28,QQQ,3706956,4591388
2025-08-28,SPX,3480218,4132372
2025-08-28,SPY,6573868,7993778
2025-08-29,NDX,92026,130834
2025-08-29,QQQ,4390790,4630896
2025-08-29,SPX,3521106,4163964
2025-08-29,SPY,8028464,8196136
2025-09-02,NDX,97122,124344
2025-09-02,QQQ,4378832,5058040
2025-09-02,SPX,4082870,4855148
2025-09-02,SPY,8270642,8436762
2025-09-03,NDX,97654,103032
2025-09-03,QQQ,4278720,4478246
2025-09-03,SPX,3810026,4374540
2025-09-03,SPY,8358294,8298232
2025-09-04,NDX,111570,92506
2025-09-04,QQQ,3056514,4141488
2025-09-04,SPX,3980656,4914772
2025-09-04,SPY,6754676,8964506
2025-09-05,NDX,107256,129394
2025-09-05,QQQ,4594890,5282788
2025-09-05,SPX,4687684,5363448
2025-09-05,SPY,10149592,10152872
2025-09-08,NDX,97290,82256
2025-09-08,QQQ,3570294,4192440
2025-09-08,SPX,3589778,4091278
2025-09-08,SPY,7221592,7647714
2025-09-09,NDX,80844,88418
2025-09-09,QQQ,3237838,4141440
2025-09-09,SPX,3452206,4373484
2025-09-09,SPY,6211304,8235330
2025-09-10,NDX,107874,108954
2025-09-10,QQQ,3874044,4758458
2025-09-10,SPX,3815322,4792120
2025-09-10,SPY,7734846,9076738
2025-09-11,NDX,76068,81574
2025-09-11,QQQ,2932234,4472438
2025-09-11,SPX,4072290,4552208
2025-09-11,SPY,6673588,11161732
2025-09-12,NDX,105512,85528
2025-09-12,QQQ,2955610,4791306
2025-09-12,SPX,3336820,4295776
2025-09-12,SPY,6238610,8601396
2025-09-15,NDX,101762,78454
2025-09-15,QQQ,3142480,4317070
2025-09-15,SPX,3391276,4487466
2025-09-15,SPY,6711558,8221380
2025-09-16,NDX,79782,79340
2025-09-16,QQQ,3190122,3759426
2025-09-16,SPX,3206296,3950168
2025-09-16,SPY,6813620,7028602
2025-09-17,NDX,83006,96716
2025-09-17,QQQ,3893710,5110450
2025-09-17,SPX,3249266,4305578
2025-09-17,SPY,7614914,9125126
2025-09-18,NDX,146478,103486
2025-09-18,QQQ,3976166,5630132
2025-09-18,SPX,4247994,4742038
2025-09-18,SPY,16412336,9828872
2025-09-19,NDX,92400,73958
2025-09-19,QQQ,3986024,5028776
2025-09-19,SPX,3960662,4951374
2025-09-19,SPY,7108092,9151428
2025-09-22,NDX,115412,97288
2025-09-22,QQQ,3652442,5898814
2025-09-22,SPX,4001568,4486474
2025-09-22,SPY,6303402,9624852
2025-09-23,NDX,131122,142548
2025-09-23,QQQ,3969500,5954322
2025-09-23,SPX,3826824,5095376
2025-09-23,SPY,8122572,9774204
2025-09-24,NDX,98590,117630
2025-09-24,QQQ,4021900,5188020
2025-09-24,SPX,3462968,4460118
2025-09-24,SPY,7474342,9452100
2025-09-25,NDX,145586,152390
2025-09-25,QQQ,4455112,6398490
2025-09-25,SPX,4422802,5646114
2025-09-25,SPY,8715602,11834428
2025-09-26,NDX,116854,127232
2025-09-26,QQQ,3886716,4664864
2025-09-26,SPX,3986964,4657390
2025-09-26,SPY,8156398,9452340
2025-09-29,NDX,116626,105206
2025-09-29,QQQ,4179516,4607246
2025-09-29,SPX,3769756,4139854
2025-09-29,SPY,7565582,8877710
2025-09-30,NDX,115654,108046
2025-09-30,QQQ,3524574,4861958
2025-09-30,SPX,4536880,5277760
2025-09-30,SPY,8123980,10789214
2025-10-01,NDX,129206,113914
2025-10-01,QQQ,3251880,5111936
2025-10-01,SPX,4278294,4723724
2025-10-01,SPY,7247500,10002590
2025-10-02,NDX,104150,100230
2025-10-02,QQQ,3451014,3923100
2025-10-02,SPX,3695884,4232030
2025-10-02,SPY,7444198,10642084
2025-10-03,NDX,131448,153292
2025-10-03,QQQ,4352504,5271430
2025-10-03,SPX,4294302,5598004
2025-10-03,SPY,7956868,11216332
2025-10-06,NDX,99490,95848
2025-10-06,QQQ,3142216,5079846
2025-10-06,SPX,3207198,3781770
2025-10-06,SPY,6410312,8120812
2025-10-07,NDX,105738,133442
2025-10-07,QQQ,4306940,5898808
2025-10-07,SPX,4237694,5160840
2025-10-07,SPY,8693288,11422462
2025-10-08,NDX,147756,99096
2025-10-08,QQQ,3376054,5456722
2025-10-08,SPX,3566994,4076018
2025-10-08,SPY,6042958,8862540
2025-10-09,NDX,106418,129552
2025-10-09,QQQ,3429798,4758690
2025-10-09,SPX,3812380,4616108
2025-10-09,SPY,8077728,10606474
2025-10-10,NDX,169320,204864
2025-10-10,QQQ,6449182,8512278
2025-10-10,SPX,5461150,7409208
2025-10-10,SPY,13047198,15521058
2025-10-13,NDX,92604,80622
2025-10-13,QQQ,3697312,5442696
2025-10-13,SPX,3504182,4591424
2025-10-13,SPY,7272946,9265180
2025-10-14,NDX,98970,98470
2025-10-14,QQQ,4704428,6167268
2025-10-14,SPX,4126020,5371596
2025-10-14,SPY,9579864,12073326
2025-10-15,NDX,111230,104650
2025-10-15,QQQ,5152246,6668844
2025-10-15,SPX,4626910,5197038
2025-10-15,SPY,11322696,12826464
2025-10-16,NDX,131632,109616
2025-10-16,QQQ,5317476,6603142
2025-10-16,SPX,4534100,5624728
2025-10-16,SPY,12174426,14347512
2025-10-17,NDX,94632,64824
2025-10-17,QQQ,4224448,5714546
2025-10-17,SPX,3757480,4803492
2025-10-17,SPY,9046440,11292058
2025-10-20,NDX,98932,72484
2025-10-20,QQQ,3242286,5367620
2025-10-20,SPX,3280602,4204224
2025-10-20,SPY,5784900,10342542
2025-10-21,NDX,80570,93326
2025-10-21,QQQ,3463058,5179348
2025-10-21,SPX,3403658,4621302
2025-10-21,SPY,7663480,10751670
2025-10-22,NDX,110680,127314
2025-10-22,QQQ,5434616,6068816
2025-10-22,SPX,4013890,5179290
2025-10-22,SPY,9528658,11672536
2025-10-23,NDX,83300,77640
2025-10-23,QQQ,4083350,5313680
2025-10-23,SPX,3558004,4105818
2025-10-23,SPY,8178646,9947986
2025-10-24,NDX,97882,94886
2025-10-24,QQQ,4107220,5602678
2025-10-24,SPX,3975384,4636288
2025-10-24,SPY,8363256,10797336
2025-10-27,NDX,85494,87928
2025-10-27,QQQ,4288104,5662460
2025-10-27,SPX,3943208,4495944
2025-10-27,SPY,7049434,10665264
2025-10-28,NDX,158096,133666
2025-10-28,QQQ,4885104,6081834
2025-10-28,SPX,4580032,4672396
2025-10-28,SPY,8977114,9522578
2025-10-29,NDX,86892,84162
2025-10-29,QQQ,3735914,4876624
2025-10-29,SPX,3629602,3778484
2025-10-29,SPY,6868496,9543588
2025-10-30,NDX,81684,90750
2025-10-30,QQQ,3919494,5289380
2025-10-30,SPX,3684322,4562550
2025-10-30,SPY,7466440,9518628
2025-10-31,NDX,107188,110610
2025-10-31,QQQ,4552116,5679884
2025-10-31,SPX,4352262,4772936
2025-10-31,SPY,8539692,10306428
2025-11-03,NDX,84550,94618
2025-11-03,QQQ,3638252,4843182
2025-11-03,SPX,3405316,4028104
2025-11-03,SPY,8200152,10339052
2025-11-04,NDX,100800,158216
2025-11-04,QQQ,4947334,6642802
2025-11-04,SPX,3749410,4793184
2025-11-04,SPY,8571382,10084732
2025-11-05,NDX,110458,102246
2025-11-05,QQQ,4117742,5091876
2025-11-05,SPX,3718214,4135802
2025-11-05,SPY,7820360,9090206
2025-11-06,NDX,99300,134078
2025-11-06,QQQ,6310302,7076662
2025-11-06,SPX,4456520,5341802
2025-11-06,SPY,11577160,11539412
2025-11-07,NDX,117066,126544
2025-11-07,QQQ,7163198,7698244
2025-11-07,SPX,4850446,5879192
2025-11-07,SPY,11249346,12177578
2025-11-10,NDX,105084,92922
2025-11-10,QQQ,5786148,5894184
2025-11-10,SPX,4534170,4829298
2025-11-10,SPY,10257134,10808248
2025-11-11,NDX,81354,93388
2025-11-11,QQQ,4896602,4572638
2025-11-11,SPX,3751272,4301954
2025-11-11,SPY,7973800,8834164
2025-11-12,NDX,85540,84906
2025-11-12,QQQ,5740198,4573936
2025-11-12,SPX,3978090,4113956
2025-11-12,SPY,10123392,9039868
2025-11-13,NDX,99870,121702
2025-11-13,QQQ,6573372,7312566
2025-11-13,SPX,4738958,5218366
2025-11-13,SPY,12466330,11903882
2025-11-14,NDX,102464,111266
2025-11-14,QQQ,5461808,7189186
2025-11-14,SPX,4313098,5428330
2025-11-14,SPY,10288354,11682716
2025-11-17,NDX,98552,114374
2025-11-17,QQQ,5990940,6694556
2025-11-17,SPX,4349222,5586908
2025-11-17,SPY,11020576,11443986
2025-11-18,NDX,94164,102980
2025-11-18,QQQ,6537220,6888738
2025-11-18,SPX,4550204,5133558
2025-11-18,SPY,11523382,12707044
2025-11-19,NDX,102150,97866
2025-11-19,QQQ,5174824,5292864
2025-11-19,SPX,4737474,5891284
2025-11-19,SPY,9803264,10356032
2025-11-20,NDX,138054,148390
2025-11-20,QQQ,8863236,9942870
2025-11-20,SPX,5806000,6983400
2025-11-20,SPY,14497542,18936984
2025-11-21,NDX,94040,76044
2025-11-21,QQQ,5988148,7099344
2025-11-21,SPX,4607086,5645512
2025-11-21,SPY,10015974,14411890
2025-11-24,NDX,88142,72306
2025-11-24,QQQ,5163124,6379186
2025-11-24,SPX,3867708,4476380
2025-11-24,SPY,8883288,11827956
2025-11-25,NDX,92402,94100
2025-11-25,QQQ,5515894,7267382
2025-11-25,SPX,4283838,4786060
2025-11-25,SPY,10048232,11453954
2025-11-26,NDX,90864,87038
2025-11-26,QQQ,5699256,5639032
2025-11-26,SPX,4697038,4778366
2025-11-26,SPY,11039792,12360106
2025-11-28,NDX,47432,35474
2025-11-28,QQQ,2629916,2667826
2025-11-28,SPX,1877464,1902530
2025-11-28,SPY,5204434,5256532
2025-12-01,NDX,82742,82608
2025-12-01,QQQ,4968690,5398424
2025-12-01,SPX,3830202,4627078
2025-12-01,SPY,9471858,9861362
2025-12-02,NDX,92986,141404
2025-12-02,QQQ,5770000,5831090
2025-12-02,SPX,4124956,4602314
2025-12-02,SPY,11030110,9846858
2025-12-03,NDX,72548,82844
2025-12-03,QQQ,4776234,4854240
2025-12-03,SPX,3383432,4079066
2025-12-03,SPY,8523012,9347330
2025-12-04,NDX,81760,86562
2025-12-04,QQQ,5270054,4796726
2025-12-04,SPX,3785042,4180222
2025-12-04,SPY,10373296,9277446
2025-12-05,NDX,84882,93482
2025-12-05,QQQ,5856210,5630936
2025-12-05,SPX,4125712,4661794
2025-12-05,SPY,10257654,10510546
2025-12-08,NDX,97572,93780
2025-12-08,QQQ,5743146,4529196
2025-12-08,SPX,3954026,4200036
2025-12-08,SPY,10589032,8247454
2025-12-09,NDX,77950,78212
2025-12-09,QQQ,3980352,4216358
2025-12-09,SPX,3090440,3878714
2025-12-09,SPY,8046356,8217252
2025-12-10,NDX,79306,75548
2025-12-10,QQQ,4446278,4336262
2025-12-10,SPX,3265706,3934384
2025-12-10,SPY,7363886,8997314
2025-12-11,NDX,108754,106136
2025-12-11,QQQ,5738982,5222014
2025-12-11,SPX,4042992,4767904
2025-12-11,SPY,9096218,9614336
2025-12-12,NDX,104942,134542
2025-12-12,QQQ,8170232,7069902
2025-12-12,SPX,4700528,5873382
2025-12-12,SPY,12453850,10772458
2025-12-15,NDX,92128,100596
2025-12-15,QQQ,6412322,6016690
2025-12-15,SPX,3955528,4776752
2025-12-15,SPY,9962598,10838606
2025-12-16,NDX,105756,113464
2025-12-16,QQQ,6385574,6330778
2025-12-16,SPX,4553616,5287796
2025-12-16,SPY,11388668,11721282
2025-12-17,NDX,123224,126230
2025-12-17,QQQ,7949536,6351612
2025-12-17,SPX,4739752,5359352
2025-12-17,SPY,12531920,10350518
2025-12-18,NDX,126784,100908
2025-12-18,QQQ,6159992,7888422
2025-12-18,SPX,4779846,5591018
2025-12-18,SPY,20683246,13716362
2025-12-19,NDX,88982,67692
2025-12-19,QQQ,4819664,5916564
2025-12-19,SPX,3590864,4565834
2025-12-19,SPY,7824506,11797648
2025-12-22,NDX,77986,67456
2025-12-22,QQQ,4952388,4750654
2025-12-22,SPX,3431168,4080884
2025-12-22,SPY,8474626,9611380
2025-12-23,NDX,80488,70974
2025-12-23,QQQ,4079672,4694384
2025-12-23,SPX,3811116,4228246
2025-12-23,SPY,7359128,9017318
2025-12-24,NDX,57568,55540
2025-12-24,QQQ,2510128,2448118
2025-12-24,SPX,2464794,2447802
2025-12-24,SPY,5921832,4992042
2025-12-26,NDX,70930,61828
2025-12-26,QQQ,3500684,3778142
2025-12-26,SPX,2908136,3534986
2025-12-26,SPY,8165504,7376772
2025-12-29,NDX,81594,80110
2025-12-29,QQQ,4162886,4698630
2025-12-29,SPX,3172404,3632800
2025-12-29,SPY,7900550,8236910
2025-12-30,NDX,86146,76610
2025-12-30,QQQ,3950952,3712708
2025-12-30,SPX,2892342,3659808
2025-12-30,SPY,7637298,6943128
2025-12-31,NDX,107840,112598
2025-12-31,QQQ,5006842,4409272
2025-12-31,SPX,3705858,4775258
2025-12-31,SPY,8342656,8304058
2026-01-02,NDX,125274,130808
2026-01-02,QQQ,6860666,5190932
2026-01-02,SPX,4178230,4856890
2026-01-02,SPY,9688466,9166314
2026-01-05,NDX,102114,96062
2026-01-05,QQQ,4528862,5131110
2026-01-05,SPX,3480770,4373010
2026-01-05,SPY,7070164,9026652
2026-01-06,NDX,111290,111060
2026-01-06,QQQ,4491904,5707594
2026-01-06,SPX,4137944,4575198
2026-01-06,SPY,8210506,12684950
2026-01-07,NDX,129258,110184
2026-01-07,QQQ,5028854,5816266
2026-01-07,SPX,4167442,4721158
2026-01-07,SPY,9049348,10181922
2026-01-08,NDX,88056,100052
2026-01-08,QQQ,5215626,5323866
2026-01-08,SPX,3702298,4229926
2026-01-08,SPY,7762458,9070242
2026-01-09,NDX,123082,110532
2026-01-09,QQQ,4632470,5665330
2026-01-09,SPX,4023958,4377310
2026-01-09,SPY,8518556,11811670
2026-01-12,NDX,109546,101604
2026-01-12,QQQ,3981354,5311646
2026-01-12,SPX,3565340,4366596
2026-01-12,SPY,7077094,9119854
2026-01-13,NDX,127848,128484
2026-01-13,QQQ,5652272,5232786
2026-01-13,SPX,3993254,5050786
2026-01-13,SPY,9863466,9791394
2026-01-14,NDX,141196,148404
2026-01-14,QQQ,7032060,5740100
2026-01-14,SPX,4428776,5041122
2026-01-14,SPY,10847016,10660916
2026-01-15,NDX,129940,124780
2026-01-15,QQQ,5672964,6178942
2026-01-15,SPX,4125684,5032604
2026-01-15,SPY,8683860,10165298
2026-01-16,NDX,102984,92180
2026-01-16,QQQ,5635050,5646958
2026-01-16,SPX,3792588,4568378
2026-01-16,SPY,8202816,10372788
2026-01-20,NDX,104534,109386
2026-01-20,QQQ,5720324,6124638
2026-01-20,SPX,4457314,5688390
2026-01-20,SPY,10997336,11817148
2026-01-21,NDX,179696,136090
2026-01-21,QQQ,7665772,7314394
2026-01-21,SPX,5242218,5708150
2026-01-21,SPY,12003040,12519502
2026-01-22,NDX,113962,100202
2026-01-22,QQQ,4699294,5619718
2026-01-22,SPX,3809322,4669586
2026-01-22,SPY,9206596,10787366
2026-01-23,NDX,122216,115506
2026-01-23,QQQ,4847916,6357446
2026-01-23,SPX,3634472,4595900
2026-01-23,SPY,8482942,10853778
2026-01-26,NDX,99690,94100
2026-01-26,QQQ,4210916,5680788
2026-01-26,SPX,3271258,4135900
2026-01-26,SPY,6950522,10951768
2026-01-27,NDX,102020,91662
2026-01-27,QQQ,4508866,5689460
2026-01-27,SPX,3828888,4365022
2026-01-27,SPY,7301502,10593082
2026-01-28,NDX,101304,83660
2026-01-28,QQQ,3918512,4489826
2026-01-28,SPX,3178974,3624716
2026-01-28,SPY,7142448,7514660
2026-01-29,NDX,117788,152004
2026-01-29,QQQ,6788302,6866406
2026-01-29,SPX,4930444,5744864
2026-01-29,SPY,10310008,12255072
2026-01-30,NDX,113500,142042
2026-01-30,QQQ,5775758,6254746
2026-01-30,SPX,4292220,5230366
2026-01-30,SPY,9029844,11131360
2026-02-02,NDX,113642,108012
2026-02-02,QQQ,4143678,5991638
2026-02-02,SPX,3809730,4788676
2026-02-02,SPY,6775542,10624518
2026-02-03,NDX,129706,149892
2026-02-03,QQQ,7352554,6809402
2026-02-03,SPX,5050330,6029946
2026-02-03,SPY,11754958,12789550
2026-02-04,NDX,123528,126132
2026-02-04,QQQ,6778468,7711224
2026-02-04,SPX,4703588,5272806
2026-02-04,SPY,8846830,11739312
2026-02-05,NDX,98522,100004
2026-02-05,QQQ,6503464,7033918
2026-02-05,SPX,4629030,5535032
2026-02-05,SPY,9437988,12040222
2026-02-06,NDX,108502,95356
2026-02-06,QQQ,5124756,5830648
2026-02-06,SPX,4437378,5212460
2026-02-06,SPY,8621506,11199506
2026-02-09,NDX,95292,91438
2026-02-09,QQQ,4595792,5224862
2026-02-09,SPX,4176016,4610574
2026-02-09,SPY,8383574,9627744
2026-02-10,NDX,90696,95846
2026-02-10,QQQ,4779392,5292852
2026-02-10,SPX,3893924,4667592
2026-02-10,SPY,8628956,9170296
2026-02-11,NDX,102666,105150
2026-02-11,QQQ,5288112,5923286
2026-02-11,SPX,3978806,4817980
2026-02-11,SPY,8630012,10946394
2026-02-12,NDX,109450,133000
2026-02-12,QQQ,6309190,7893008
2026-02-12,SPX,4990632,6338108
2026-02-12,SPY,11033222,14381864
2026-02-13,NDX,92358,105246
2026-02-13,QQQ,4985182,6131382
2026-02-13,SPX,4096664,5634340
2026-02-13,SPY,8610776,11368762
2026-02-17,NDX,103810,105882
2026-02-17,QQQ,5262810,7220648
2026-02-17,SPX,4266120,5229688
2026-02-17,SPY,8791956,12133136
2026-02-18,NDX,111108,102912
2026-02-18,QQQ,4978082,6985166
2026-02-18,SPX,3850718,5456118
2026-02-18,SPY,8239888,11393322
2026-02-19,NDX,94654,96060
2026-02-19,QQQ,4616686,5873502
2026-02-19,SPX,3932376,4780690
2026-02-19,SPY,8771204,12037460
2026-02-20,NDX,115098,95238
2026-02-20,QQQ,5537654,7433974
2026-02-20,SPX,4341994,5553206
2026-02-20,SPY,9608396,14003454
2026-02-23,NDX,94840,114726
2026-02-23,QQQ,5597926,5964044
2026-02-23,SPX,4385340,5011856
2026-02-23,SPY,10637720,11375546
2026-02-24,NDX,99566,87654
2026-02-24,QQQ,4458276,5690336
2026-02-24,SPX,4170388,4875734
2026-02-24,SPY,8121424,11280416
2026-02-25,NDX,103662,81694
2026-02-25,QQQ,3923916,4503984
2026-02-25,SPX,4113648,4461830
2026-02-25,SPY,6689750,9480962
2026-02-26,NDX,97696,121470
2026-02-26,QQQ,5806644,7223150
2026-02-26,SPX,4686188,5238626
2026-02-26,SPY,9700198,12531468
2026-02-27,NDX,108096,103548
2026-02-27,QQQ,4654684,6239448
2026-02-27,SPX,4471798,5007576
2026-02-27,SPY,8889486,10954828
2026-03-02,NDX,105966,111568
2026-03-02,QQQ,4348646,7011890
2026-03-02,SPX,4507688,5566510
2026-03-02,SPY,8691528,14106264
2026-03-03,NDX,104490,106670
2026-03-03,QQQ,6055214,7337226
2026-03-03,SPX,5501932,6104562
2026-03-03,SPY,11888542,14294500
2026-03-04,NDX,127124,101714
2026-03-04,QQQ,4748432,6504990
2026-03-04,SPX,4193036,5214934
2026-03-04,SPY,9179874,11468940
2026-03-05,NDX,116892,124250
2026-03-05,QQQ,6818788,7217514
2026-03-05,SPX,5208016,5939912
2026-03-05,SPY,13538188,14041492
2026-03-06,NDX,93588,113074
2026-03-06,QQQ,5568620,6709246
2026-03-06,SPX,4685906,5848324
2026-03-06,SPY,11053104,12906244
2026-03-09,NDX,126356,109780
2026-03-09,QQQ,6206416,6984002
2026-03-09,SPX,5760392,6727368
2026-03-09,SPY,11704868,15397762
2026-03-10,NDX,111552,105754
2026-03-10,QQQ,5499148,6346598
2026-03-10,SPX,4970052,6000450
2026-03-10,SPY,10800220,15002434
2026-03-11,NDX,100280,103194
2026-03-11,QQQ,5537682,5420274
2026-03-11,SPX,4497828,5150800
2026-03-11,SPY,10844390,11174820
2026-03-12,NDX,84562,116436
2026-03-12,QQQ,6729184,5717538
2026-03-12,SPX,4750862,5491734
2026-03-12,SPY,12353390,12368130
2026-03-13,NDX,100940,128504
2026-03-13,QQQ,6718802,5881292
2026-03-13,SPX,5209062,6377812
2026-03-13,SPY,12396488,13544408
2026-03-16,NDX,91236,112170
2026-03-16,QQQ,5111144,6659004
2026-03-16,SPX,4604102,5765698
2026-03-16,SPY,10424948,14237110
2026-03-17,NDX,95598,97082
2026-03-17,QQQ,4579240,6329236
2026-03-17,SPX,4139784,5241020
2026-03-17,SPY,8917880,11679336
2026-03-18,NDX,85334,92546
2026-03-18,QQQ,4723744,6072492
2026-03-18,SPX,4165578,5227148
2026-03-18,SPY,8648822,10788910
2026-03-19,NDX,114748,116044
2026-03-19,QQQ,6488390,7167362
2026-03-19,SPX,5160780,6144872
2026-03-19,SPY,16318356,14020966
2026-03-20,NDX,108790,139714
2026-03-20,QQQ,7506002,6473128
2026-03-20,SPX,5401472,6816520
2026-03-20,SPY,13840940,15477582
2026-03-23,NDX,114282,107334
2026-03-23,QQQ,6185886,6932986
2026-03-23,SPX,4917792,5615750
2026-03-23,SPY,11648550,13521574
2026-03-24,NDX,105376,117508
2026-03-24,QQQ,5951862,6565752
2026-03-24,SPX,4724892,5221686
2026-03-24,SPY,10145948,14291332
2026-03-25,NDX,111404,103114
2026-03-25,QQQ,5164186,6173040
2026-03-25,SPX,4314616,4996764
2026-03-25,SPY,9617312,12957504
2026-03-26,NDX,102016,131646
2026-03-26,QQQ,7678434,7077398
2026-03-26,SPX,4803388,5892894
2026-03-26,SPY,12090066,14195984
2026-03-27,NDX,103528,108466
2026-03-27,QQQ,7377516,7696656
2026-03-27,SPX,5420368,6570072
2026-03-27,SPY,12910174,17491848
2026-03-30,NDX,101576,116922
2026-03-30,QQQ,6885352,8214942
2026-03-30,SPX,4995700,6040778
2026-03-30,SPY,10936544,15748646
2026-03-31,NDX,149332,116676
2026-03-31,QQQ,6932038,9761092
2026-03-31,SPX,6032450,6675618
2026-03-31,SPY,11398104,19194496
2026-04-01,NDX,100730,114030
2026-04-01,QQQ,5879720,9661614
2026-04-01,SPX,4695960,6178198
2026-04-01,SPY,10765980,17021402
2026-04-02,NDX,103972,100106
2026-04-02,QQQ,5244408,8097534
2026-04-02,SPX,4872560,6199392
2026-04-02,SPY,9610792,16648256
2026-04-06,NDX,66770,76100
2026-04-06,QQQ,4219302,6225212
2026-04-06,SPX,3769766,4749566
2026-04-06,SPY,7533948,12461902
2026-04-07,NDX,83290,110512
2026-04-07,QQQ,5776092,7148158
2026-04-07,SPX,4848636,5186492
2026-04-07,SPY,9916900,13363366
2026-04-08,NDX,93510,112364
2026-04-08,QQQ,5782296,9549438
2026-04-08,SPX,5049544,6625666
2026-04-08,SPY,11296814,17737484
2026-04-09,NDX,90138,93460
2026-04-09,QQQ,5618016,7774142
2026-04-09,SPX,5007390,5279094
2026-04-09,SPY,10384374,15839030
2026-04-10,NDX,80534,92566
2026-04-10,QQQ,5180346,6930600
2026-04-10,SPX,4277040,5020128
2026-04-10,SPY,9451726,13444064
2026-04-13,NDX,109136,89852
2026-04-13,QQQ,5176546,6956182
2026-04-13,SPX,4944816,5220426
2026-04-13,SPY,10156492,14825280
2026-04-14,NDX,143848,107308
2026-04-14,QQQ,6679464,8328394
2026-04-14,SPX,6553206,6013196
2026-04-14,SPY,12545144,15330210
2026-04-15,NDX,130088,109754
2026-04-15,QQQ,8457138,7585990
2026-04-15,SPX,5900242,5820752
2026-04-15,SPY,13087098,12391402
2026-04-16,NDX,129652,111978
2026-04-16,QQQ,7920442,8268216
2026-04-16,SPX,5149588,5631744
2026-04-16,SPY,12508764,13276030
2026-04-17,NDX,120062,106926
2026-04-17,QQQ,7852608,8610458
2026-04-17,SPX,6902250,6466092
2026-04-17,SPY,14082288,16203220
2026-04-20,NDX,87200,92554
2026-04-20,QQQ,5376214,6384364
2026-04-20,SPX,3832374,4477974
2026-04-20,SPY,9124728,11503418
2026-04-21,NDX,109308,134152
2026-04-21,QQQ,6834574,8251190
2026-04-21,SPX,5248280,6373230
2026-04-21,SPY,12769112,15988480
2026-04-22,NDX,107984,107586
2026-04-22,QQQ,5457382,7390156
2026-04-22,SPX,3726926,4262200
2026-04-22,SPY,8891530,11298800
2026-04-23,NDX,117172,142136
2026-04-23,QQQ,7200566,8649170
2026-04-23,SPX,4925446,6143294
2026-04-23,SPY,11103066,15437364
2026-04-24,NDX,125854,100626
2026-04-24,QQQ,6172940,7226864
2026-04-24,SPX,4396482,4653358
2026-04-24,SPY,9055588,12606392
2026-04-27,NDX,81852,85208
2026-04-27,QQQ,4795384,5991360
2026-04-27,SPX,3342278,3954484
2026-04-27,SPY,7419222,10314526
2026-04-28,NDX,94976,110700
2026-04-28,QQQ,6388500,6371614
2026-04-28,SPX,3773634,4281884
2026-04-28,SPY,8931130,10383276
2026-04-29,NDX,91818,113760
2026-04-29,QQQ,4237352,4790818
2026-04-29,SPX,3270470,4076800
2026-04-29,SPY,5872980,8470164
2026-04-30,NDX,131492,123662
2026-04-30,QQQ,5699438,6426814
2026-04-30,SPX,5125446,5287566
2026-04-30,SPY,9462348,12058742
2026-05-01,NDX,117400,117680
2026-05-01,QQQ,5695382,6763940
2026-05-01,SPX,4916210,5240886
2026-05-01,SPY,10894842,13747832
2026-05-04,NDX,111176,143894
2026-05-04,QQQ,5339404,5943236
2026-05-04,SPX,4270688,5486850
2026-05-04,SPY,9029294,11599688
2026-05-05,NDX,105508,112044
2026-05-05,QQQ,4300838,6424368
2026-05-05,SPX,3846906,4436710
2026-05-05,SPY,8209936,11070484
2026-05-06,NDX,128520,127744
2026-05-06,QQQ,5495704,6583074
2026-05-06,SPX,7336648,5640468
2026-05-06,SPY,9973094,12309478
2026-05-07,NDX,132100,161328
2026-05-07,QQQ,7326730,8406628
2026-05-07,SPX,4857994,5845522
2026-05-07,SPY,11544560,13134174
2026-05-08,NDX,160628,123904
2026-05-08,QQQ,6088120,8012136
2026-05-08,SPX,4201362,4788134
2026-05-08,SPY,8249552,10819802
2026-05-11,NDX,95252,129020
2026-05-11,QQQ,5362968,6595220
2026-05-11,SPX,3848474,4912738
2026-05-11,SPY,8241984,10755040
2026-05-12,NDX,129976,149066
2026-05-12,QQQ,8037192,8113934
2026-05-12,SPX,4450692,5341838
2026-05-12,SPY,9946426,12783930
2026-05-13,NDX,144158,119408
2026-05-13,QQQ,6000362,6554266
2026-05-13,SPX,5197688,5123046
2026-05-13,SPY,9445312,11265656
2026-05-14,NDX,128332,115566
2026-05-14,QQQ,6631382,6460580
2026-05-14,SPX,5833374,5554224
2026-05-14,SPY,12440798,12074140
2026-05-15,NDX,110514,116328
2026-05-15,QQQ,6718880,7691538
2026-05-15,SPX,5104568,5894030
2026-05-15,SPY,11319616,11791058
2026-05-18,NDX,104140,130910
2026-05-18,QQQ,7664514,7622850
2026-05-18,SPX,5479588,5845002
2026-05-18,SPY,11644818,11996214
2026-05-19,NDX,105352,128318
2026-05-19,QQQ,6990708,7730850
2026-05-19,SPX,4671752,5732640
2026-05-19,SPY,10460306,12485078
2026-05-20,NDX,99408,101224
2026-05-20,QQQ,4681118,5282314
2026-05-20,SPX,4740194,4750732
2026-05-20,SPY,9433550,8442114
2026-05-21,NDX,119110,141542
2026-05-21,QQQ,6314416,6220420
2026-05-21,SPX,5053802,5195852
2026-05-21,SPY,12284926,10709282
2026-05-22,NDX,97088,134952
2026-05-22,QQQ,5681868,6065866
2026-05-22,SPX,4317356,5170836
2026-05-22,SPY,10627662,10134244
2026-05-26,NDX,111912,119332
2026-05-26,QQQ,6420988,7273844
2026-05-26,SPX,4203338,5045178
2026-05-26,SPY,10549260,9731278
2026-05-27,NDX,94252,122370
2026-05-27,QQQ,6096350,5945624
2026-05-27,SPX,3803178,4478446
2026-05-27,SPY,9038904,8952026
2026-05-28,NDX,107790,118842
2026-05-28,QQQ,5508070,6631340
2026-05-28,SPX,4090676,4696920
2026-05-28,SPY,8071340,10932766
2026-05-29,NDX,113234,153234
2026-05-29,QQQ,6446756,6011102
2026-05-29,SPX,6039872,5351598
2026-05-29,SPY,10743158,9611720
2026-06-01,NDX,117680,118692
2026-06-01,QQQ,5401710,6472184
2026-06-01,SPX,4187764,4393636
2026-06-01,SPY,9089388,9486332
2026-06-02,NDX,94906,122830
2026-06-02,QQQ,5316360,5993810
2026-06-02,SPX,3878176,4504540
2026-06-02,SPY,8467148,8186036
2026-06-03,NDX,112042,141536
2026-06-03,QQQ,5556398,6704848
2026-06-03,SPX,4232570,5239726
2026-06-03,SPY,8941880,8991380
2026-06-04,NDX,133476,168948
2026-06-04,QQQ,7914850,7583148
2026-06-04,SPX,4414936,4787554
2026-06-04,SPY,10550226,10441980
2026-06-05,NDX,137848,240766
2026-06-05,QQQ,13083364,13044938
2026-06-05,SPX,6719158,8866644
2026-06-05,SPY,16091138,20562212
2026-06-08,NDX,113626,111286
2026-06-08,QQQ,8675510,9206390
2026-06-08,SPX,4470594,5976748
2026-06-08,SPY,12321176,14127050
2026-06-09,NDX,151318,191128
2026-06-09,QQQ,12895462,14936702
2026-06-09,SPX,6697142,8403686
2026-06-09,SPY,18688160,22661968
2026-06-10,NDX,97012,102064
2026-06-10,QQQ,9080588,10197708
2026-06-10,SPX,4947676,6064696
2026-06-10,SPY,13807526,17904468
2026-06-11,NDX,109472,100172
2026-06-11,QQQ,9897532,10485764
2026-06-11,SPX,5567088,5876558
2026-06-11,SPY,15694846,17813678
2026-06-12,NDX,93472,94456
2026-06-12,QQQ,8357402,8310986
2026-06-12,SPX,4847576,5527536
2026-06-12,SPY,14822982,14520778
2026-06-15,NDX,86412,93952
2026-06-15,QQQ,8257408,8314810
2026-06-15,SPX,4828316,5515360
2026-06-15,SPY,14776100,14714528
2026-06-16,NDX,103708,117612
2026-06-16,QQQ,9379858,9470596
2026-06-16,SPX,4313996,5562218
2026-06-16,SPY,12747138,15177616
2026-06-17,NDX,91534,88554
2026-06-17,QQQ,6995970,8369386
2026-06-17,SPX,4630684,5894168
2026-06-17,SPY,13172964,14514684
2026-06-18,NDX,92530,99462
2026-06-18,QQQ,7217810,9378082
2026-06-18,SPX,4466134,5870488
2026-06-18,SPY,11566532,14838786
2026-06-22,NDX,93616,89058
2026-06-22,QQQ,7532306,7698680
2026-06-22,SPX,4446742,5400548
2026-06-22,SPY,12504328,13180882
2026-06-23,NDX,89448,93940
2026-06-23,QQQ,8538156,9264070
2026-06-23,SPX,4718304,5581038
2026-06-23,SPY,11954422,15312738
2026-06-24,NDX,100074,107600
2026-06-24,QQQ,6875492,8277238
2026-06-24,SPX,4992990,5944548
2026-06-24,SPY,12302740,15125714
2026-06-25,NDX,84350,99396
2026-06-25,QQQ,8333600,9143864
2026-06-25,SPX,4758764,5825358
2026-06-25,SPY,12906532,16218412
2026-06-26,NDX,85970,102694
2026-06-26,QQQ,7150140,8367796
2026-06-26,SPX,4741660,5754758
2026-06-26,SPY,11504292,15410536
2026-06-29,NDX,107846,104440
2026-06-29,QQQ,7025706,9063096
2026-06-29,SPX,4473460,5185246
2026-06-29,SPY,11917188,13969810
2026-06-30,NDX,121096,92142
2026-06-30,QQQ,7135796,7825768
2026-06-30,SPX,4690856,5110620
2026-06-30,SPY,12340514,13250302
2026-07-01,NDX,82774,107208
2026-07-01,QQQ,7893914,7112816
2026-07-01,SPX,4553470,4642800
2026-07-01,SPY,12667752,12210582
2026-07-02,NDX,105922,129484
2026-07-02,QQQ,9440238,8808544
2026-07-02,SPX,5615042,6007824
2026-07-02,SPY,15254268,14701508
2026-07-06,NDX,86800,83242
2026-07-06,QQQ,6948918,7253460
2026-07-06,SPX,4058494,4575426
2026-07-06,SPY,12248288,12993940
2026-07-07,NDX,93124,102198
2026-07-07,QQQ,8491828,9148334
2026-07-07,SPX,4270650,5271196
2026-07-07,SPY,12091916,13774546
2026-07-08,NDX,92016,89730
2026-07-08,QQQ,7138920,8422986
2026-07-08,SPX,4560638,5101374
2026-07-08,SPY,11195136,14008012
2026-07-09,NDX,79140,81834
2026-07-09,QQQ,7297888,7850280
2026-07-09,SPX,4327734,4650178
2026-07-09,SPY,11758686,12320560
2026-07-10,NDX,75638,87538
2026-07-10,QQQ,6170204,7137720
2026-07-10,SPX,4380146,4914406
2026-07-10,SPY,11839342,11741334
2026-07-13,NDX,80396,85036
2026-07-13,QQQ,7637770,8539208
2026-07-13,SPX,4191256,5161868
2026-07-13,SPY,11305742,14139448
2026-07-14,NDX,76648,83610
2026-07-14,QQQ,7109360,7501214
2026-07-14,SPX,4041226,4763132
2026-07-14,SPY,10803052,10624172
2026-07-15,NDX,99118,97520
2026-07-15,QQQ,9697594,9082396
2026-07-15,SPX,4852548,5558080
2026-07-15,SPY,12289190,13657290
2026-07-16,NDX,98674,95486
2026-07-16,QQQ,7950712,9975178
2026-07-16,SPX,4868742,5666902
2026-07-16,SPY,12765388,14496540
2026-07-17,NDX,113918,103888
2026-07-17,QQQ,8621128,10839610
2026-07-17,SPX,4949450,5859152
2026-07-17,SPY,11973662,16027838
2026-07-20,NDX,89030,105154
2026-07-20,QQQ,7384778,8968640
2026-07-20,SPX,4452186,5093666
2026-07-20,SPY,12495716,14757438
2026-07-21,NDX,76438,79928
2026-07-21,QQQ,6193816,8927508
2026-07-21,SPX,3706684,4568302
2026-07-21,SPY,10220208,13469016
2026-07-22,NDX,77104,78436
2026-07-22,QQQ,5107268,6586852
2026-07-22,SPX,3966554,4502802
2026-07-22,SPY,8951938,11319176
2026-07-23,NDX,92062,100504
2026-07-23,QQQ,8156342,9023838
2026-07-23,SPX,5052220,5495222
2026-07-23,SPY,12099424,15416784
2026-07-24,NDX,89462,99248
2026-07-24,QQQ,8260888,9750314
2026-07-24,SPX,4861716,5715844
2026-07-24,SPY,11926718,14986696
2026-07-27,NDX,91110,107268
2026-07-27,QQQ,9224980,8851854
2026-07-27,SPX,4731908,5046412
2026-07-27,SPY,13379122,14587854
2026-07-28,NDX,97898,94514
2026-07-28,QQQ,9422114,9691532
2026-07-28,SPX,4427924,4980660
2026-07-28,SPY,10691366,13070044
2026-07-29,NDX,88614,107194
2026-07-29,QQQ,8422502,8555668
2026-07-29,SPX,4672052,5704992
2026-07-29,SPY,11016028,15072760
2026-07-30,NDX,96304,95088
2026-07-30,QQQ,8232788,9542478
2026-07-30,SPX,4885548,5771248
2026-07-30,SPY,11435364,13882548
2026-07-31,NDX,101410,97490
2026-07-31,QQQ,8594980,9289416
2026-07-31,SPX,5180040,5706764
2026-07-31,SPY,13969652,17779986
2026-08-03,NDX,99634,102416
2026-08-03,QQQ,7936088,7473158
2026-08-03,SPX,5967102,5391020
2026-08-03,SPY,14164806,15768648
2026-08-04,NDX,139410,100030
2026-08-04,QQQ,10600946,8756236
2026-08-04,SPX,8077404,6746204
2026-08-04,SPY,20983576,15174222
2026-08-05,NDX,80154,76652
2026-08-05,QQQ,7403214,7479236
2026-08-05,SPX,5472192,5711252
2026-08-05,SPY,12781730,14247794
2026-08-06,NDX,76048,74682
2026-08-06,QQQ,8356916,8217788
2026-08-06,SPX,4257180,4874258
2026-08-06,SPY,11315044,12817816
2026-08-07,NDX,76696,87978
2026-08-07,QQQ,7302468,7156250
2026-08-07,SPX,4355674,4911480
2026-08-07,SPY,12617668,12051460
2026-08-10,NDX,68446,69936
2026-08-10,QQQ,6317686,6142622
2026-08-10,SPX,3671882,4150492
2026-08-10,SPY,11091178,12268078
2026-08-11,NDX,64570,76174
2026-08-11,QQQ,6877112,7008344
2026-08-11,SPX,4067170,4639594
2026-08-11,SPY,10269664,11003356
2026-08-12,NDX,72284,68858
2026-08-12,QQQ,5632874,5777018
2026-08-12,SPX,3741490,4249336
2026-08-12,SPY,8771018,10257666
2026-08-13,NDX,102908,96044
2026-08-13,QQQ,7527152,6879604
2026-08-13,SPX,4906360,4738716
2026-08-13,SPY,12892730,12261350
2026-08-14,NDX,77946,80808
2026-08-14,QQQ,6826354,6399048
2026-08-14,SPX,3661234,4102250
2026-08-14,SPY,9278290,10475636
2026-08-17,NDX,79670,87576
2026-08-17,QQQ,6051980,7189268
2026-08-17,SPX,3332130,4256828
2026-08-17,SPY,8635802,11432132
2026-08-18,NDX,80388,93466
2026-08-18,QQQ,7290610,8302318
2026-08-18,SPX,3607082,4738212
2026-08-18,SPY,8343474,11771836
2026-08-19,NDX,84966,79758
2026-08-19,QQQ,7600664,7336240
2026-08-19,SPX,4185726,4747354
2026-08-19,SPY,9134272,10766796
2026-08-20,NDX,77358,79880
2026-08-20,QQQ,6651346,8728066
2026-08-20,SPX,4690370,4957388
2026-08-20,SPY,8915722,12344418
2026-08-21,NDX,80878,69420
2026-08-21,QQQ,6722570,6602338
2026-08-21,SPX,4174472,4708274
2026-08-21,SPY,8816166,10206490
2026-08-24,NDX,81776,85052
2026-08-24,QQQ,7248708,7885906
2026-08-24,SPX,3753988,4277076
2026-08-24,SPY,8545154,10898174
2026-08-25,NDX,84238,72876
2026-08-25,QQQ,8008294,6231042
2026-08-25,SPX,3649504,3988020
2026-08-25,SPY,8675510,9142276
2026-08-26,NDX,100582,87882
2026-08-26,QQQ,4727888,5383246
2026-08-26,SPX,3933358,4124666
2026-08-26,SPY,6533544,7218554
2026-08-27,NDX,95162,107730
2026-08-27,QQQ,6668676,7300862
2026-08-27,SPX,4693606,5168380
2026-08-27,SPY,10339242,10680620
2026-08-28,NDX,111970,109882
2026-08-28,QQQ,7863402,7991180
2026-08-28,SPX,5192316,5985118
2026-08-28,SPY,12209174,12551440
2026-08-31,NDX,87546,83038
2026-08-31,QQQ,5350700,6546118
2026-08-31,SPX,4298928,4513188
2026-08-31,SPY,8939890,10960534
2026-09-01,NDX,95762,121750
2026-09-01,QQQ,7708022,9383790
2026-09-01,SPX,5124332,6152240
2026-09-01,SPY,11248808,13316824
2026-09-02,NDX,91174,85794
2026-09-02,QQQ,6093990,6421852
2026-09-02,SPX,4384790,4583908
2026-09-02,SPY,8087542,10008094
2026-09-03,NDX,112526,117946
2026-09-03,QQQ,7594936,8508886
2026-09-03,SPX,5560988,5495102
2026-09-03,SPY,11707958,12544622
2026-09-04,NDX,108368,98202
2026-09-04,QQQ,7451452,7439368
2026-09-04,SPX,4499134,5142154
2026-09-04,SPY,9059390,10893026
2026-09-08,NDX,81764,91464
2026-09-08,QQQ,6676910,7699652
2026-09-08,SPX,4480058,5389288
2026-09-08,SPY,8969940,11499046
2026-09-09,NDX,83342,95240
2026-09-09,QQQ,6639394,7964778
2026-09-09,SPX,4429934,5036650
2026-09-09,SPY,8348298,10982890
2026-09-10,NDX,87846,87342
2026-09-10,QQQ,6628880,8308546
2026-09-10,SPX,4727914,5388610
2026-09-10,SPY,9335228,12371814
2026-09-11,NDX,88968,99600
2026-09-11,QQQ,5465512,8184202
2026-09-11,SPX,4675128,5732910
2026-09-11,SPY,8981698,12262758
2026-09-14,NDX,104220,112536
2026-09-14,QQQ,7432416,9794560
2026-09-14,SPX,5115882,5659228
2026-09-14,SPY,10205880,12373026
2026-09-15,NDX,90016,90952
2026-09-15,QQQ,7523580,7839794
2026-09-15,SPX,4403776,5272366
2026-09-15,SPY,9638656,10839262
2026-09-16,NDX,89094,85580
2026-09-16,QQQ,6405148,8732222
2026-09-16,SPX,4488144,5719538
2026-09-16,SPY,9960150,12402052
2026-09-17,NDX,95232,106204
2026-09-17,QQQ,6329970,8513228
2026-09-17,SPX,4822232,5502586
2026-09-17,SPY,12239724,11967198
2026-09-18,NDX,104288,99496
2026-09-18,QQQ,7308258,7736076
2026-09-18,SPX,4968388,5610788
2026-09-18,SPY,9923420,10998542
2026-09-21,NDX,142410,113992
2026-09-21,QQQ,9977492,11085630
2026-09-21,SPX,7212612,5867954
2026-09-21,SPY,15612070,13146876
2026-09-22,NDX,113062,114110
2026-09-22,QQQ,9237994,8131950
2026-09-22,SPX,4690546,4870748
2026-09-22,SPY,11947216,10802450
2026-09-23,NDX,97116,110408
2026-09-23,QQQ,9022398,10166320
2026-09-23,SPX,5227412,6146588
2026-09-23,SPY,11636706,14488946
2026-09-24,NDX,106174,125632
2026-09-24,QQQ,9930844,9279388
2026-09-24,SPX,5530020,5299890
2026-09-24,SPY,13785428,14769996
2026-09-25,NDX,99336,102966
2026-09-25,QQQ,8902914,8708662
2026-09-25,SPX,5054652,5352296
2026-09-25,SPY,14127924,13736858
2026-09-28,NDX,111762,109830
2026-09-28,QQQ,9779318,10801194
2026-09-28,SPX,5134232,5236138
2026-09-28,SPY,12606410,14058504
2026-09-29,NDX,97114,102834
2026-09-29,QQQ,8264928,8893644
2026-09-29,SPX,4903984,5348490
2026-09-29,SPY,11998978,11589148
2026-09-30,NDX,109966,110312
2026-09-30,QQQ,6473562,7590664
2026-09-30,SPX,5043468,5465388
2026-09-30,SPY,11885320,12125886
2026-10-01,NDX,102648,109364
2026-10-01,QQQ,10217128,10255790
2026-10-01,SPX,5559898,6173134
2026-10-01,SPY,14140098,16282382
2026-10-02,NDX,118094,138822
2026-10-02,QQQ,9128742,9661318
2026-10-02,SPX,5166884,5930040
2026-10-02,SPY,12939696,15760418
2026-10-05,NDX,98636,108668
2026-10-05,QQQ,6213330,9749248
2026-10-05,SPX,5378292,5514888
2026-10-05,SPY,12562336,13578432
2026-10-06,NDX,102480,113716
2026-10-06,QQQ,7186144,7899100
2026-10-06,SPX,5681484,5839324
2026-10-06,SPY,13806564,13185308
2026-10-07,NDX,100978,95878
2026-10-07,QQQ,6343112,7683516
2026-10-07,SPX,4894574,5367244
2026-10-07,SPY,11192938,12798234
